1,Vostok 1,1961,Vostok 1,Vostok 2,Vostok 3,1.77,0.0,Mil
2,Vostok 2,1961,Vostok 2,Vostok 2,Vostok 2,25,0.0,Mil
3,MA-6,1962,MA-6,MA-6,MA-6,5,0.0,Mil
4,STS-95,1998,STS-95,STS-95,STS-95,213,0.0,mil/civ
5,Mercury-Atlas 7,1962,Mercury-Atlas 7,Mercury-Atlas 7,Mercury-Atlas 7,5,0.0,Mil
6,Vostok 3,1962,Vostok 3,Vostok 3,Vostok 3,94,0.0,Mil
7,Soyuz 9,1970,Soyuz 9,Soyuz 9,Soyuz 9,424,0.0,mil/civ
8,Vostok 4,1962,Vostok 4,Vostok 4,Vostok 4,70.93,0.0,Mil
9,Soyuz 14,1974,Soyuz 14,Soyuz 14,Soyuz 14,377,0.0,mil/civ
10,Mercury-Atlas 8,1962,Mercury-Atlas 8,Mercury-Atlas 8,Mercury-Atlas 8,9.22,0.0,Mil
11,Gemini 6A,1965,Gemini 6A,Gemini 6A,Gemini 6A,25.87,0.0,Mil
12,Apollo 7,1968,Apollo 7,Apollo 7,Apollo 7,260.13,0.0,mil/civ
13,Mercury-Atlas 9,1963,Mercury-Atlas 9,Mercury-Atlas 9,Mercury-Atlas 9,34.32,0.0,Mil
14,Gemini 5,1965,Gemini 5,Gemini 5,Gemini 5,191.92,0.0,mil/civ
15,Vostok 5,1963,Vostok 5,Vostok 5,Vostok 5,119.13,0.0,Mil
16,Soyuz 22,1976,Soyuz 22,Soyuz 22,Soyuz 22,189,0.0,mil/civ
17,Soyuz 31/29,1978,Soyuz 31,Salyut 6,Soyuz 29,188,0.0,Mil
18,Vostok 6,1963,Vostok 6,Vostok 6,Vostok 6,70.83,0.0,Mil
19,Voskhod 1,1964,Voskhod 1,Voskhod 1,Voskhod 1,24.28,0.0,mil/civ
20,Soyuz 1,1967,Soyuz 1,Soyuz 1,Soyuz 1,26.78,0.0,Mil
21,Voskhod 2,1965,Voskhod 2,Voskhod 2,Voskhod 2,26.03,0.73,mil/civ
22,Soyuz 19,1975,Soyuz 19,Soyuz 19/Apollo,Soyuz 19,142,0.0,mil/civ
23,Gemini 3,1965,Gemini 3,Gemini 3,Gemini 3,4.86,0.0,mil/civ
24,Gemini 10,1966,Gemini 10,Gemini 10,Gemini 10,70.77,1.47,mil/civ
25,Apollo 10,1969,Apollo 10,Apollo 10,Apollo 10,192.05,0.0,mil/civ
26,Apollo 16,1972,Apollo 16,Apollo 16,Apollo 16,265.85,41.86,mil/civ
27,STS-1,1981,STS-1,STS-1,STS-1,54.5,0.0,mil/civ
28,STS-9,1983,STS-9,STS-9,STS-9,240,0.0,mil/civ
29,Gemini 4,1965,Gemini 4,Gemini 4,Gemini 4,97,0.33,mil/civ
30,Apollo 9,1969,Apollo 9,Apollo 9,Apollo 9,241,1.13,mil/civ
31,Gemini 11,1966,Gemini 11,Gemini 11,Gemini 11,71,0.0,mil/civ
32,Apollo 12,1969,Apollo 12,Apollo 12,Apollo 12,244,16.83,mil/civ
33,Skylab 2,1973,Skylab 2,Skylab 2,Skylab 2,673,8.44,mil/civ
34,Gemini 7,1965,Gemini 7,Gemini 7,Gemini 7,330.58,0.0,mil/civ
35,Apollo 8,1968,Apollo 8,Apollo 8,Apollo 8,147,0.0,mil/civ
36,Gemini 12,1966,Gemini 12,Gemini 12,Gemini 12,94,5.5,mil/civ
37,Apollo 13,1970,Apollo 13,Apollo 13,Apollo 13,142,0.0,mil/civ
38,gemini 6A,1965,gemini 6A,gemini 6A,gemini 6A,25.86,0.0,Mil
39,Gemini 9A,1966,Gemini 9A,Gemini 9A,Gemini 9A,72,2.12,mil/civ
40,ASTP,1975,ASTP,ASTP,ASTP,217,0.0,mil/civ
41,Gemini 8,1966,Gemini 8,Gemini 8,Gemini 8,11,0.0,mil/civ
42,Apollo 11,1969,Apollo 11,Apollo 11,Apollo 11,195,5.02,mil/civ
43,Apollo 15,1971,Apollo 15,Apollo 15,Apollo 15,312,37.9,mil/civ
44,Apollo 17,1972,Apollo 17,Apollo 17,Apollo 17,302,45.6,mil/civ
45,Salyut 7,1985,Soyuz T­13,Salyut 7,Soyuz T­14,4035,74.5,mil/civ
46,2,1988,Soyuz TM­5,Mir EP,Soyuz TM­4,236,36.76,mil/civ
47,Soyuz 39,1981,Soyuz 39,Soyuz 39,Soyuz 39,188.7,0.0,mil/civ
48,STS-7,1983,STS-7,STS-7,STS-7,146,0.0,mil/civ
49,STS-41-C,1984,STS-41-C,STS-41-C,STS-41-C,168,0.0,mil/civ
50,STS-41-G,1984,STS-41-G,STS-41-G,STS-41-G,197,4.45,mil/civ
51,Soyuz 40,1981,Soyuz 40,Soyuz 40,Soyuz 40,188.7,0.0,Civ
52,STS-2,1981,STS-2,STS-2,STS-2,30,0.0,mil/civ
53,STS-51-I,1985,STS-51-I,STS-51-I,STS-51-I,170,11.76,mil/civ
54,STS-8,1983,STS-8,STS-8,STS-8,145.13,0.0,mil/civ
55,STS-3,1982,STS-3,STS-3,STS-3,192,0.0,mil/civ
56,STS-51-F,1985,STS-51-F,STS-51-F,STS-51-F,190,0.0,mil/civ
57,Mir Aragatz,1988,Soyuz TM-7,Mir,Soyuz TM-6,594,5.95,Mil
58,STS-86,1997,STS-86,STS-86,STS-86,259.3,5.02,mil/civ
59,STS-4,1982,STS-4,STS-4,STS-4,169,0.0,mil/civ
60,STS-41-D,1984,STS-41-D,STS-41-D,STS-41-D,144,0.0,mil/civ
61,STS-61-A,1985,STS-61-A,STS-61-A,STS-61-A,168,0.0,mil/civ
62,Soyuz 3,1968,Soyuz 3,Soyuz 3,Soyuz 3,94.83,0.0,Mil
63,Soyuz 4,1969,Soyuz 4,Soyuz 4/Soyuz 5,Soyuz 4,71.33,0.0,Mil
64,Soyuz 8,1969,Soyuz 8,Soyuz 8,Soyuz 8,118,0.0,mil/civ
65,Soyuz 10,1971,Soyuz 10,Soyuz 10,Soyuz 10,47,0.0,mil/civ
66,Soyuz 5,1969,Soyuz 5,Soyuz 5/Soyuz 4,Soyuz 5,72,0.0,Mil
67,Soyuz 21,1976,Soyuz 21,Soyuz 21,Soyuz 21,1182,0.0,mil/civ
68,Soyuz 5/4,1969,Soyuz 5,Soyuz 5/4,Soyuz 4,47,1.24,mil/civ
69,apollo 9,1969,apollo 9,apollo 9,apollo 9,241,1.13,Civ
70,Soyuz 6,1969,Soyuz 6,Soyuz 6,Soyuz 6,118,0.0,mil/civ
71,Soyuz 36/35,1980,Soyuz 36,Salyut 6,Soyuz 35,188,0.0,mil/civ
72,Soyuz 7,1969,Soyuz 7,Soyuz 7,Soyuz 7,118,0.0,mil/civ
73,Soyuz 16,1974,Soyuz 16,Soyuz 16,Soyuz 16,142,0.0,mil/civ
74,Soyuz 11,1971,Soyuz 11,Salyut 1,Soyuz 11,570,0.0,mil/civ
75,Soyuz 24,1977,Soyuz 24,Salyut 5,Soyuz 24,425,0.0,mil/civ
76,Soyuz 37/36,1980,Soyuz 37,Salyut 6,Soyuz 36,188,0.0,Mil
77,Skylab 3,1973,Apollo CSM-117,Skylab 3,Apollo CSM-117,1427.23,27.4,mil/civ
78,Soyuz 18,1975,Soyuz 18,Salyut 5,Soyuz 18,1511,0.0,Civ
79,Apollo 14,1971,Apollo 14,Apollo 14,Apollo 14,216,18.63,mil/civ
80,Soyuz 33,1979,Soyuz 33,Soyuz 33,Soyuz 33,47,0.0,mil/civ
81,STS-151-C,1985,STS-151-C,STS-151-C,STS-151-C,73,0.0,Mil
82,Skylab-2,1973,Apollo Sk.2,Apollo Sk.2,Apollo Sk.2,267,2.27,Mil
83,STS-6,1983,STS-6,STS-6,STS-6,120,7.7,mil/civ
84,Soyuz 12,1973,Soyuz 12,Soyuz 12,Soyuz 12,47,0.0,mil/civ
85,Soyuz 27/26,1978,Soyuz 27,Salyut 6,Soyuz 26,142,0.0,mil/civ
86,Soyuz T­3,1980,Soyuz T­3,Salyut 6,Soyuz T­3,307,0.0,Civ
87,Skylab 4,1974,Skylab 4,Skylab 4,Skylab 4,2017,44.82,mil/civ
88,Soyuz 13,1973,Soyuz 13,Soyuz 13,Soyuz 13,188,0.0,mil/civ
89,Saluyt 4,1975,Soyuz 18,Saluyt 4,Soyuz 18,1511,0.0,Mil
90,Saluyt 6,1978,Soyuz 30,Saluyt 6,Soyuz 30,190,0.0,Mil
91,Soyuz 15,1974,Soyuz 15,Soyuz 15,Soyuz 15,48,0.0,mil/civ
92,Salyut 4,1975,Soyuz 17,Salyut 4,Soyuz 17,709,0.0,mil/civ
93,Salyut 6,1978,Soyuz 28,Salyut 6,Soyuz 28,190,13.43,mil/civ
94,STS-5,1982,STS-5,STS-5,STS-5,122.25,0.0,mil/civ
95,STS-41-B,1984,STS-41-B,STS-41-B,STS-41-B,191.25,23.97,mil/civ
96,STS-35,1990,STS-35,STS-35,STS-35,215,0.0,mil/civ
97,Soyuz T­2,1980,Soyuz T­2,Salyut 6,Soyuz T­2,94,0.0,Mil
98,Soyuz 23,1976,Soyuz 23,Soyuz 23,Soyuz 23,48,0.0,mil/civ
99,Soyuz 25,1977,Soyuz 25,Soyuz 25,Soyuz 25,48,0.0,mil/civ
100,STS­ 91,1998,STS­ 91,STS­ 91,STS­ 91,235,0.0,Civ
101,Soyuz 26/27,1977,Soyuz 26,Salyut 6,Soyuz 27,2314,1.47,Mil
102,Soyuz 38,1980,Soyuz 38,Salyut 6,Soyuz 38,188,0.0,mil/civ
103,Soyuz 28,1978,Soyuz 28,Soyuz 28,Soyuz 28,190.28,0.0,Mil
104,Soyuz 30,1978,Soyuz 30,Soyuz 30,Soyuz 30,190.03,0.0,Mil
105,Soyuz 31,1978,Soyuz 31,Soyuz 31,Soyuz 29,188.82,0.0,Mil
106,3,1988,Soyuz TM­6,Mir,Soyuz TM­5,212,64.88,mil/civ
107,1,1986,Soyuz T­15,Mir/Salyut 7,Soyuz T­15,3000,17.66,mil/civ
108,Soyuz T­8,1983,Soyuz T­8,Soyuz T­8,Soyuz T­8,48,0.0,mil/civ
109,7,1990,Soyuz TM­10,Mir,Soyuz TM­10,3140,5.5,mil/civ
110,18,1995,Soyuz TM­21,Mir,STS­71,2768,57.09,mil/civ
111,5,1990,Soyuz TM­8,Mir,Soyuz TM­8,3990,54.66,mil/civ
112,14,1993,Soyuz TM­17,Mir,Soyuz TM­17,4721,102.35,mil/civ
113,STS-51-B,1985,STS-51-B,STS-51-B,STS-51-B,168,0.0,mil/civ
114,STS-51-A,1984,STS-51-A,STS-51-A,STS-51-A,191,11.7,mil/civ
115,STS-51-D,1985,STS-51-D,STS-51-D,STS-51-D,236,6.34,mil/civ
116,STS-51-J,1985,STS-51-J,STS-51-J,STS-51-J,98,0.0,mil/civ
117,STS-51F,1985,STS-51F,STS-51F,STS-51F,191,0.0,Civ
118,STS-33,1989,STS-33,STS-33,STS-33,168,0.0,mil/civ
119,STS-44,1991,STS-44,STS-44,STS-44,167,0.0,mil/civ
120,STS-61,1993,STS-61,STS-61,STS-61,260,83.12,mil/civ
121,STS-80,1996,STS-80,STS-80,STS-80,424,0.0,mil/civ
122,STS­63,1995,STS­63,STS­63,STS­63,198,0.0,Mil
123,24,1997,STS­86,Mir,STS­86,259,159.28,mil/civ
124,STS-26,1988,STS-26,STS-26,STS-26,97,0.0,mil/civ
125,STS-51-G,1985,STS-51-G,STS-51-G,STS-51-G,170,0.0,mil/civ
126,STS-51B,1985,STS-51B,STS-51B,STS-51B,168,0.0,Civ
127,STS-30,1989,STS-30,STS-30,STS-30,97,0.0,mil/civ
128,STS-42,1992,STS-42,STS-42,STS-42,192,0.0,mil/civ
129,STS-32,1990,STS-32,STS-32,STS-32,261,0.0,mil/civ
130,STS-49,1992,STS-49,STS-49,STS-49,213,59.87,mil/civ
131,STS-39,1991,STS-39,STS-39,STS-39,199,0.0,mil/civ
132,STS-53,1992,STS-53,STS-53,STS-53,175,0.0,mil/civ
133,STS-51A,1984,STS-51A,STS-51A,STS-51A,191,12.0,Mil
134,STS-61-B,1985,STS-61-B,STS-61-B,STS-61-B,165,12.17,mil/civ
135,STS-28,1989,STS-28,STS-28,STS-28,121,0.0,mil/civ
136,Spacelab 1,1983,STS-9,STS-9,STS-9,247.94,0.0,Mil
137,Atlas-1,1992,STS-45,STS-45,STS-45,214.37,0.0,Mil
138,Euromir 94,1994,Soyuz TM-20,Euromir 94,Soyuz TM-19,756.6,0.0,Civ
139,STS-61-C,1986,STS-61-C,STS-61-C,STS-61-C,146,0.0,mil/civ
140,STS-27,1988,STS-27,STS-27,STS-27,105,0.0,mil/civ
141,STS-47,1992,STS-47,STS-47,STS-47,190.5,0.0,mil/civ
142,STS-71,1995,STS-71,STS-71,STS-71,235.38,0.0,mil/civ
143,STS-51-L,1986,STS-51-L,explosion,explosion,0,0.0,mil/civ
144,STS-41 B,1984,STS-41 B,STS-41 B,STS-41 B,191.5,11.95,Mil
145,STS-51 J,1985,STS-51 J,STS-51 J,STS-51 J,97.7,0.0,Mil
146,STS-31,1990,STS-31,STS-31,STS-31,121,0.0,mil/civ
147,STS-41 C,1984,STS-41 C,STS-41 C,STS-41 C,167,10.13,Civ
148,STS-51I,1985,STS-51I,STS-51I,STS-51I,171,11.76,Civ
149,STS-41C,1984,STS-41C,STS-41C,STS-41C,168,10.1,Civ
150,STS-61C,1986,STS-61C,STS-61C,STS-61C,146,0.0,mil/civ
151,STS-29,1989,STS-29,STS-29,STS-29,120,0.0,mil/civ
152,STS-41D,1984,STS-41D,STS-41D,STS-41D,145,0.0,mil/civ
153,STS-36,1990,STS-36,STS-36,STS-36,106,0.0,mil/civ
154,STS-82,1997,STS-82,STS-82,STS-82,239,66.38,mil/civ
155,STS-93,1999,STS-93,STS-93,STS-93,118,0.0,mil/civ
156,STS-51D,1985,STS-51D,STS-51D,STS-51D,168.15,0.0,mil/civ
157,STS-61B,1985,STS-61B,STS-61B,STS-61B,165.16,0.0,Civ
158,STS-45,1992,STS-45,STS-45,STS-45,213.5,0.0,mil/civ
159,STS-77,1996,STS-77,STS-77,STS-77,240.67,0.0,mil/civ
160,STS-97,2000,STS-97,STS-97,STS-97,260,38.66,mil/civ
161,STS-69,1995,STS-69,STS-69,STS-69,44,13.53,mil/civ
162,STS-51-C,1985,STS-51-C,STS-51-C,STS-51-C,73.5,0.0,mil/civ
163,STS-46,1992,STS-46,STS-46,STS-46,191,0.0,mil/civ
164,STS 51-C,1985,STS 51-C,STS 51-C,STS 51-C,74,0.0,Mil
165,STS 51-L,1986,STS 51-L,explosion,explosion,0,0.0,Mil
166,STS-48,1991,STS-48,STS-48,STS-48,128.5,0.0,mil/civ
167,STS-51C,1985,STS-51C,STS-51C,STS-51C,73.675,0.0,Mil
168,STS-34,1989,STS-34,STS-34,STS-34,119,0.0,mil/civ
169,STS-40,1991,STS-40,STS-40,STS-40,218,0.0,mil/civ
170,STS-58,1993,STS-58,STS-58,STS-58,336,0.0,mil/civ
171,STS-75,1996,STS-75,STS-75,STS-75,377,0.0,mil/civ
172,Spacelab-3,1985,STS-51-B,STS-51-B,STS-51-B,168.525,0.0,Civ
173,spacelab-3,1985,STS-51B,STS-51B,STS-51B,168.525,0.0,Civ
174,STS-51G,1985,STS-51G,STS-51G,STS-51G,170,0.0,mil/civ
175,STS-61A,1985,STS-61A,STS-61A,STS-61A,169,0.0,mil/civ
176,STS-37,1991,STS-37,STS-37,STS-37,143,21.4,mil/civ
177,STS-55,1993,STS-55,STS-55,STS-55,240,4.65,mil/civ
178,STS-43,1991,STS-43,STS-43,STS-43,213,0.0,mil/civ
179,22,1996,STS-79,Mir,STS-76,4516,18.33,mil/civ
180,Spacelab-2,1978,STS-51-F,STS-51-F,STS-51-F,190.94,0.0,Civ
181,STS-38,1990,STS-38,STS-38,STS-38,118,0.0,mil/civ
182,4,1989,Soyuz TM­7,Mir,Soyuz TM­7,3635,41.63,mil/civ
183,10,1992,Soyuz TM­13,Mir,Soyuz TM­13,4202,24.17,mil/civ
184,STS-57,1993,STS-57,STS-57,STS-57,239,11.66,mil/civ
185,STS-50,1992,STS-50,STS-50,STS-50,331,0.0,mil/civ
186,STS-89,1998,STS-89,STS-89,STS-89,211,0.0,mil/civ
187,STS-61B Atlantis,1985,STS-61B Atlantis,STS-61B Atlantis,STS-61B Atlantis,165,0.0,Mil
188,STS-40 Columbia,1991,STS-40 Columbia,STS-40 Columbia,STS-40 Columbia,218,0.0,Mil
189,STS-74,1995,STS-74,STS-74,STS-74,129,7.25,mil/civ
190,STS-88,1998,STS-88,STS-88,STS-88,283,35.76,mil/civ
191,STS-110,2002,STS-110,STS-110,STS-110,259,77.09,mil/civ
192,STS-60,1994,STS-60,STS-60,STS-60,199,0.0,mil/civ
193,STS-91,1998,STS-91,STS-91,STS-91,236,0.0,mil/civ
194,STS-111,2002,STS-111,STS-111,STS-111,333,39.04,mil/civ
195,STS-51L,1986,STS-51L,explosion,explosion,0.61,0.0,mil/civ
196,11,1992,Soyuz TM­14,Mir,Soyuz TM­14,3494,13.83,mil/civ
197,17,1994,Soyuz TM­20,Mir,Soyuz TM­20,4061,24.4,mil/civ
198,8,1990,Soyuz TM­11,Mir,Soyuz TM­11,4201,49.34,mil/civ
199,Soyuz TM­4/3,1987,Soyuz TM­4,Soyuz TM­4,Soyuz TM­3,189,0.0,Mil
200,6,1990,Soyuz TM­9,Mir,Soyuz TM­9,4297,48.12,mil/civ
201,12,1993,Soyuz TM­15,Mir,Soyuz TM­15,4533,58.86,mil/civ
202,19,1995,STS­71,Mir,Soyuz TM­21,1811,39.06,mil/civ
203,15,1994,Soyuz TM­18,Mir,Soyuz TM­20,10505,47.91,mil/civ
204,9,1991,Soyuz TM­12,Mir,Soyuz TM­13,7484,98.24,mil/civ
205,STS­60,1994,STS­60,STS­60,STS­60,199,0.0,Civ
206,STS­88,1998,STS­88,STS­88,STS­88,283,0.0,Civ
207,STS-41,1990,STS-41,STS-41,STS-41,98,0.0,mil/civ
208,STS-52,1992,STS-52,STS-52,STS-52,237,0.0,mil/civ
209,STS-64,1994,STS-64,STS-64,STS-64,262,13.7,mil/civ
210,STS-73,1995,STS-73,STS-73,STS-73,360,0.0,mil/civ
211,STS-63,1995,STS-63,STS-63,STS-63,198,4.65,mil/civ
212,STS-102,2001,STS-102,STS-102,STS-102,307,12.7,mil/civ
213,STS-113,2002,STS-113,STS-113,STS-113,330,39.84,mil/civ
214,STS-62,1994,STS-62,STS-62,STS-62,335,0.0,mil/civ
215,STS-81,1997,STS-81,STS-81,STS-81,244,0.0,mil/civ
216,STS-98,2001,STS-98,STS-98,STS-98,309,39.64,mil/civ
217,STS-54,1993,STS-54,STS-54,STS-54,143,8.94,mil/civ
218,13,1993,Soyuz TM­16,Mir,Soyuz TM­16,4296,44.78,mil/civ
219,STS-65,1994,STS-65,STS-65,STS-65,354,0.0,mil/civ
220,STS-79,1996,STS-79,STS-79,STS-79,243,0.0,mil/civ
221,STS-51,1993,STS-51,STS-51,STS-51,236,14.16,mil/civ
222,Astro-1,1990,STS-35,STS-35,STS-35,215.15,0.0,Civ
223,Astro-2,1995,STS-67,STS-67,STS-67,399.54,0.0,Civ
224,STS-67,1995,STS-67,STS-67,STS-67,399.54,0.0,mil/civ
225,27,1999,Soyuz TM­29,Mir,Soyuz TM­29,4532,30.34,mil/civ
226,Soyuz TM­33/32,2001,Soyuz TM­33,Soyuz TM­33,Soyuz TM­32,236.208,0.0,mil/civ
227,Soyuz TM-11/10,1990,Soyuz TM-11,Soyuz TM-11,Soyuz TM-10,189.9,0.0,Civ
228,STS-56,1993,STS-56,STS-56,STS-56,222,0.0,mil/civ
229,STS-59,1994,STS-59,STS-59,STS-59,269.82,0.0,mil/civ
230,STS-76,1996,STS-76,STS-76,STS-76,221.67,12.06,mil/civ
231,STS-108,2001,STS-108,STS-108,STS-108,283,8.4,mil/civ
232,STS-66,1994,STS-66,STS-66,STS-66,262,0.0,mil/civ
233,Soyuz TM-12/11,1991,Soyuz TM-12,Soyuz TM-12,Soyuz TM-11,189.22,0.0,Civ
234,STS-96,1999,STS-96,STS-96,STS-96,235,15.84,mil/civ
235,STS-68,1994,STS-68,STS-68,STS-68,270,0.0,mil/civ
236,Soyuz TM13/12,1991,Soyuz TM13,Soyuz TM13,Soyuz TM12,190.2,0.0,Civ
237,STS-70,1995,STS-70,STS-70,STS-70,214,0.0,mil/civ
238,STS-78,1996,STS-78,STS-78,STS-78,405,0.0,mil/civ
239,STS-101,2000,STS-101,STS-101,STS-101,236,13.46,mil/civ
240,21,1996,Soyuz TM­24,Mir,Soyuz TM­24,4721,48.83,mil/civ
241,28,2000,Soyuz TM­30,Mir,Soyuz TM­30,1747,22.99,mil/civ
242,25,2010,Soyuz TMA­01M,ISS,Soyuz TMA­01M,3824,79.61,mil/civ
243,Soyuz TM-14/13,1992,Soyuz TM-14,Soyuz TM-14,Soyuz TM-13,189.95,0.0,Mil
244,STS-72,1996,STS-72,STS-72,STS-72,214,25.68,mil/civ
245,STS-92,2000,STS-92,STS-92,STS-92,310,54.64,mil/civ
246,23,1997,STS-84,Mir,STS-86,3470,41.75,mil/civ
247,STS-103,1999,STS-103,STS-103,STS-103,191,49.04,mil/civ
248,20,1995,Soyuz TM­22,Mir,Soyuz TM­22,4297,28.83,mil/civ
249,26,1998,Soyuz TM28,Mir,Soyuz TM29,9110,33.48,mil/civ
250,Antares,1992,Soyuz TM-15,Soyuz TM-15,Soyuz TM-14,331,0.0,Mil
251,sts-46,1992,STS-46,STS-46,STS-46,191.25,0.0,Civ
252,STS-85,1997,STS-85,STS-85,STS-85,284.5,0.0,mil/civ
253,STS-99,2000,STS-99,STS-99,STS-99,269.7,0.0,mil/civ
254,STS-115,2006,STS-115,STS-115,STS-115,283.1,40.62,mil/civ
255,STS-84,1997,STS-84,STS-84,STS-84,221,0.0,mil/civ
256,STS-122,2008,STS-122,STS-122,STS-122,306,44.26,mil/civ
257,STS-109,2002,STS-109,STS-109,STS-109,262,71.41,mil/civ
258,STS-83,1997,STS-83,STS-83,STS-83,95.21,0.0,mil/civ
259,STS-94,1997,STS-94,STS-94,STS-94,396.8,0.0,mil/civ
260,Soyuz TM-17 / Soyuz TM-16,1993,Soyuz TM-17,Soyuz TM-17,Soyuz TM-16,496,6.32,Mil
261,STS-90,1998,STS-90,STS-90,STS-90,384,0.0,mil/civ
262,STS-112,2002,STS-112,STS-112,STS-112,259,39.36,mil/civ
263,STS-127,2009,STS-127,STS-127,STS-127,376,55.46,mil/civ
264,Mir EO-15,1994,Soyuz TM-18,Mir,Soyuz TM-18,4368.45,0.0,Mil
265,Mir EO-21,1996,Soyuz TM-23,Mir,Soyuz TM-23,4651.12,30.5,Mil
266,STS 101,2000,STS 101,Spacehub,STS 101,236.17,0.0,Mil
267,16,1994,Soyuz TM­19,Mir,Soyuz TM­19,3022,106.49,mil/civ
268,STS­106,2000,STS­106,STS­106,STS­106,283,6.23,mil/civ
269,32,2012,Soyuz TMA­05M,ISS,Soyuz TMA­05M,3047,48.61,mil/civ
270,46,2015,Soyuz TMA­19M,ISS,in space,1477,17.42,mil/civ
271,Soyuz TM­32/31,2001,Soyuz TM­32,Soyuz TM­32,Soyuz TM­31,190,0.0,mil/civ
272,STS-106,2000,STS-106,STS-106,STS-106,283,6.23,mil/civ
273,STS-100,2001,STS-100,STS-100,STS-100,283,29.66,mil/civ
274,STS-120,2007,STS-120,STS-120,STS-120,362,47.91,mil/civ
275,STS-114,2005,STS-114,STS-114,STS-114,333,40.16,mil/civ
276,STS-125,2009,STS-125,STS-125,STS-125,309,74.02,mil/civ
277,STS-87,1997,STS-87,STS-87,STS-87,376,25.4,mil/civ
278,Soyuz  3,2002,Soyuz TM­34,Soyuz TM­34,Soyuz TM­33,237,0.0,Mil
279,STS-104,2001,STS-104,STS-104,STS-104,306.6,32.98,mil/civ
280,34,2012,Soyuz TMA-07M,ISS,Soyuz TMA-07M,3710.32,12.12,mil/civ
281,38,2013,Soyuz TMA-11M,ISS,Soyuz TMA-11M,4509.75,14.57,mil/civ
282,STS-105,2001,STS-105,STS-105,STS-105,285,23.5,mil/civ
283,STS-123,2008,STS-123,STS-123,STS-123,378,60.17,mil/civ
284,Soyuz TM-24/23,1996,Soyuz TM-24,Soyuz TM-24,Soyuz TM-23,378.4,0.0,Civ
285,Soyuz TM-33/32,2001,Soyuz TM-33,Soyuz TM-33,Soyuz TM-32,236,0.0,Civ
286,Soyuz TM-25/24,1997,Soyuz TM-25,Soyuz TM-25,Soyuz TM-24,472.57,0.0,Civ
287,35,2013,Soyuz TMA­08M,ISS,Soyuz TMA­08M,3990,40.15,mil/civ
288,STS-116,2006,STS-116,STS-116,STS-116,309,42.98,mil/civ
289,STS-130,2010,STS-130,STS-130,STS-130,330,36.46,mil/civ
290,STS-121,2006,STS-121,STS-121,STS-121,306,42.96,mil/civ
291,STS-133,2011,STS-133,STS-133,STS-133,307,25.6,mil/civ
292,STS-107,2003,STS-107,STS-107,Exploded,382,0.0,mil/civ
293,STS87,1997,STS87,STS87,STS87,376,0.0,Civ
294,STS-117,2007,STS-117,STS-117,STS-117,336,55.94,mil/civ
295,Soyuz TM-27/26,1998,Soyuz TM-27,Soyuz TM-27,Soyuz TM-26,496.5,0.0,Mil
296,STS-118,2007,STS-118,STS-118,STS-118,305,36.0,mil/civ
297,31,2012,Soyuz TMA­04M,ISS,Soyuz TMA­04M,2999,5.85,mil/civ
298,43,2015,Soyuz TMA­16M,ISS,Soyuz TMA­16M,4037,29.47,mil/civ
299,Soyuz TMA-3/2,2003,Soyuz TMA-3,Soyuz TMA-3,Soyuz TMA-2,237.03,0.0,Civ
300,STS-128,2009,STS-128,STS-128,STS-128,333,33.92,mil/civ
301,STS­96,1999,STS­96,STS­96,STS­96,235,0.0,Mil
302,Soyuz TMA­1/TM­34,2002,Soyuz TMA­1,Soyuz TMA­1,Soyuz TM­34,260,0.0,mil/civ
303,47,2016,Soyuz TMA-20M,ISS,Soyuz TMA-20M,4132,12.77,mil/civ
304,STS-131,2010,STS-131,STS-131,STS-131,362,40.56,mil/civ
305,29,2011,Soyuz TMA-22,ISS,Soyuz TMA-22,3968,6.25,mil/civ
306,STS-119,2009,STS-119,STS-119,STS-119,307.5,38.45,mil/civ
307,STS­100,2001,STS­100,STS­100,STS­100,285,0.0,Mil
308,ЭП-1,2001,Soyuz TM-32,Soyuz TM-32,Soyz TM-31,190.13,0.0,Civ
309,STS-129,2009,STS-129,STS-129,STS-129,259,36.9,mil/civ
310,STS-124,2008,STS-124,STS-124,STS-124,330,41.03,mil/civ
311,STS-134,2011,STS-134,STS-134,STS-134,377,57.44,mil/civ
312,STS-135,2011,STS-135,STS-135,STS-135,306.5,0.0,mil/civ
313,Soyuz TMA-34/TM-33,2002,Soyuz TMA-34,Soyuz TMA-34,Soyuz TMA-33,237,0.0,Mil
314,Soyuz TMA-6/TMA-5,2005,Soyuz TMA-6,Soyuz TMA-6,Soyuz TMA-5,237,0.0,Mil
315,Soyuz TM-34 / Soyuz TM-33,2002,Soyuz TM-34,Soyuz TM-34,Soyuz TM-33,237,0.0,Civ
316,50,2016,Soyuz MS-03,ISS,Soyuz MS-04,6941,33.58,mil/civ
317,STS-132,2010,STS-132,STS-132,STS-132,282.5,42.67,mil/civ
318,STS­112,2002,STS­112,STS­112,STS­112,259,0.0,Civ
319,36,2013,Soyuz TMA­09M,ISS,Soyuz TMA­09M,3990,27.68,mil/civ
320,51,2017,Soyuz MS-04,ISS,Soyuz MS-04,3258,14.5,mil/civ
321,Soyuz TMA-1/TM-34,2002,Soyuz TMA-1,Soyuz TMA-1,Soyuz TMA-34,261,0.0,Mil
322,STS-126,2008,STS-126,STS-126,STS-126,380.5,40.42,mil/civ
323,30,2011,Soyuz TMA-03M,ISS,Soyuz TMA-03M,4627,6.25,mil/civ
324,Shenzhou 5,2005,Shenzhou 5,Shenzhou 5,Shenzhou 5,21,0.0,Mil
325,Soyuz TMA-4/TMA-3,2004,Soyuz TMA-4,Soyuz TMA-4,Soyuz TMA-3,261,0.0,Civ
326,Soyuz TMA­5,2004,Soyuz TMA­5,Soyuz TMA­5,Soyuz TMA­5,237,0.0,Mil
327,Soyuz TMA-7,2005,Soyuz TMA-7,Soyuz TMA-7,Soyuz TMA-7,237.29,0.0,Civ
328,Shenzhou 6,2005,Shenzhou 6,Shenzhou 6,Shenzhou 6,115,0.0,mil/civ
329,Shenzhou 10,2008,Shenzhou 10,Shenzhou 10,Shenzhou 10,350,0.0,mil/civ
330,Soyuz TMA-8,2006,Soyuz TMA-8,Soyuz TMA-8,Soyuz TMA-7,237.28,0.0,Mil
331,Soyuz TMA-9,2006,Soyuz TMA-9,Soyuz TMA-9,Soyuz TMA-8,261.525,0.0,Civ
332,37,2013,Soyuz TMA­10M,ISS,Soyuz TMA­10M,3990,52.81,mil/civ
333,Soyuz TMA-10,2007,Soyuz TMA-10,Soyuz TMA-10,Soyuz TMA-10,331.4,0.0,Civ
334,Soyuz TMA-14,2009,Soyuz TMA-14,Soyuz TMA-14,Soyuz TMA-14,307.85,0.0,Civ
335,39,2014,Soyuz TMA-12M,ISS,Soyuz TMA-12M,4007.13,25.24,mil/civ
336,Soyuz TMA-11/10,2007,Soyuz TMA-11,Soyuz TMA-11,Soyuz TMA-10,261.23,0.0,Civ
337,52,2017,Soyuz MS-05,ISS,Soyuz MS-05,3328.93,26.5,mil/civ
338,45,2015,Soyuz TMA­18M,ISS,Soyuz TMA­18M,4003,4.72,Mil
339,44,2015,Soyuz TMA­17M,ISS,Soyuz TMA­17M,3400,15.07,mil/civ
340,57,2018,Soyuz MS-11,ISS,Soyuz MS-11,4887,53.31,mil/civ
341,Soyuz TMA-12 / Soyuz TMA-11,2008,Soyuz TMA-12,Soyuz TMA-12,Soyuz TMA-11,261,0.0,Civ
342,Shenzhou 7,2008,Shenzhou 7,Shenzhou 7,Shenzhou 7,68,0.26,mil/civ
343,Shenzhou 9,2012,Shenzhou 9,Shenzhou 9,Shenzhou 9,303.5,0.0,mil/civ
344,Shenzhou 11,2016,Shenzhou 11,Shenzhou 11,Shenzhou 11,774.5,0.0,mil/civ
345,Soyuz TMA-13,2008,Soyuz TMA-13,Soyuz TMA-13,Soyuz TMA-12,284.89,0.0,Civ
346,49,2016,Soyuz MS-02,ISS,Soyuz MS-02,10383.25,26.0,mil/civ
347,53,2017,Soyuz MS-06,ISS,Soyuz MS-06,4037.23,42.2,mil/civ
348,55,2018,Soyuz MS-08,ISS,Soyuz MS-08,4722,46.77,mil/civ
349,33,2012,Soyuz TMA-06M,ISS,Soyuz TMA-06M,3448,0.0,mil/civ
350,40,2014,Soyuz TMA­13M,ISS,Soyuz TMA­13M,3968,22.68,mil/civ
351,Soyuz TMA-16/14,2009,Soyuz TMA-16,Soyuz TMA-16,Soyuz TMA-14,261.28,0.0,Civ
352,41,2014,Soyuz TMA-14M,ISS,Soyuz TMA-14M,4013,29.3,mil/civ
353,42,2014,Soyuz TMA-15M,ISS,Soyuz TMA-15M,4783.5,19.1,mil/civ
354,60,2019,Soyuz MS-13,ISS,not completed yet,4302.98,46.8,mil/civ
355,61,2019,Soyuz MS-15,ISS,not completed yet,2697.53,0.0,Civ
356,54,2017,Soyuz MS-07,ISS,Soyuz MS-07,4037,21.57,mil/civ
357,48,2016,Soyuz MS-01,ISS,Soyuz MS-01,2762,12.77,mil/civ
358,,2019,Soyuz MS-13,ISS,not completed yet,4303.03,19.23,Mil
359,56,2018,Soyuz MS-09,ISS,Soyuz MS-09,4721.82,15.52,mil/civ
360,Soyuz TMA-18M/16M,2015,Soyuz TMA-18M,Soyuz TMA-18M,Soyuz TMA-16M,236.23,0.0,mil/civ
361,59,2019,Soyuz MS-12,ISS,Soyuz MS-12,4863.75,53.73,mil/civ
362,EP-19,2019,Soyuz MS-15,ISS,Soyuz MS-12,189,0.0,Mil
